SNCZI,GRAND_ID,RES_NAME,DAM_NAME,YEAR,REM_YEAR,LON,LAT,DAM_HGT_M,DAM_LEN_M,AREA_SKM,CAP_MCM,DEPTH_M,DIS_AVG_LS,DOR_PC,ELEV_MASL,CATCH_SKM,irrigation,hydropower,supply,flood,recreation,navigation,fish,pollution,livestock,other,MAIN_USE,SINGLE_USE,LAKE_CTRL
160,2648,,ARBON,1967,-99,-6.7218749999999545,43.476871000000074,32,180,1.0,32.8,32.8,56878,1.8,46,2506,False,True,False,False,False,False,False,False,False,False,hydropower,True,
1904,2649,,LA RIBEIRA,1961,-99,-7.8271049999999605,43.46109500000006,54,280,0.86,32.8,38.1,3526,29.5,396,134,False,True,False,False,False,False,False,False,False,False,hydropower,True,
903,2650,,EUME,1960,-99,-8.009739999999965,43.40548000000007,103,284,2.69,123.0,45.7,10588,36.8,316,396,False,True,False,False,False,False,False,False,False,False,hydropower,True,
829,2651,,DOIRAS,1934,-99,-6.827364999999929,43.38565500000004,98,165,1.74,114.7,65.9,51257,7.1,115,2292,False,True,False,False,False,False,False,False,False,False,hydropower,True,
609,2652,,CECEBRE,1976,-99,-8.296298999999976,43.28160900000006,23,220,2.15,21.7,10.1,7609,9.0,42,248,False,False,True,False,False,False,False,False,False,False,supply,True,
1980,2653,,SALIME,1956,-99,-6.849184999999977,43.23475200000007,134,250,2.96,265.6,89.7,38065,22.1,214,1770,False,True,False,False,False,False,False,False,False,False,hydropower,True,
2203,2654,,TANES,1978,-99,-5.423057999999969,43.217602000000056,95,195,0.73,33.3,45.6,7217,14.6,492,265,False,True,False,False,False,False,False,False,False,False,hydropower,True,
1564,2656,,ORDUNTE,1934,-99,-3.2843749999999545,43.159272000000044,56,376,1.12,22.2,19.8,1103,63.8,301,49,False,False,True,False,False,False,False,False,False,False,supply,True,
701,2657,,LA COHILLA,1950,-99,-4.390624999999943,43.13101900000004,116,284,0.13,12.3,94.6,1808,21.6,756,88,False,True,False,False,False,False,False,False,False,False,hydropower,True,
2469,2658,,VILAGUDIN,1981,-99,-8.494936999999936,43.095402000000036,33,498,0.94,18.3,19.5,2984,19.4,264,97,False,True,False,False,False,False,False,False,False,False,hydropower,True,
917,2660,,FERVENZA,1966,-99,-9.009165999999937,42.989306000000056,32,118,10.46,104.0,9.9,10351,31.9,292,313,False,True,False,False,False,False,False,False,False,False,hydropower,True,
1156,2661,,IRABIA,1925,-99,-1.1559949999999617,42.986973000000035,44,158,0.52,13.6,26.2,3245,13.3,831,117,False,True,False,False,False,False,False,False,False,False,hydropower,True,
843,2662,,EBRO,1945,-99,-4.0510099999999625,42.97067300000003,34,216,54.28,540.0,9.9,8511,201.2,833,463,True,False,False,False,False,False,False,False,False,False,irrigation,True,
902,2663,,EUGUI,1971,-99,-1.5145029999999338,42.97383700000006,51,252,1.02,21.9,21.5,1879,37.0,621,67,True,False,True,False,False,False,False,False,False,False,irrigation,False,
2338,2664,,URRUNAGA,1957,-99,-2.652070999999978,42.95790900000003,31,490,6.32,72.0,11.4,2930,77.9,536,137,False,True,True,False,False,False,False,False,False,False,supply,False,
1898,2665,,RIAÑO,1988,-99,-5.08132999999998,42.93575100000004,101,337,15.55,664.0,42.7,13397,157.2,1089,589,True,True,False,False,False,False,False,False,False,False,hydropower,False,
1199,2666,,PORMA,1968,-99,-5.289582999999936,42.931250000000034,78,251,7.44,317.3,42.6,4841,207.8,1081,221,True,True,False,False,False,False,False,False,False,False,irrigation,False,
2327,2667,,ULLIVARRI,1957,-99,-2.615624999999966,42.931526000000076,37,535,14.03,147.0,10.5,6696,69.6,544,298,False,True,True,False,False,False,False,False,False,False,supply,False,
2075,2668,,SANTA EUGENIA,1988,-99,-9.10091099999994,42.918750000000045,80,288,0.65,13.6,20.9,20183,2.1,211,488,False,False,True,False,False,False,False,False,False,True,supply,False,
1880,2669,,REQUEJADA,1940,-99,-4.52949499999994,42.90805900000004,58,200,2.08,65.8,31.6,4423,47.2,1045,248,True,True,False,False,False,False,False,False,False,False,irrigation,False,
461,2670,,CAMPORREDONDO,1930,-99,-4.7346509999999284,42.90188100000006,76,160,2.02,72.4,35.8,4133,55.5,1283,222,True,True,False,False,False,False,False,False,False,False,irrigation,False,
644,2671,,CERVERA,1923,-99,-4.528977999999938,42.86652800000007,37,130,0.45,10.9,24.2,901,38.4,1035,56,True,True,False,False,False,False,False,False,False,False,irrigation,False,
284,2672,,BARRIE DE LA MAZA,1958,-99,-8.796253999999976,42.865541000000064,48,159,0.63,31.5,50.0,51097,2.0,117,1459,False,True,False,False,False,False,False,False,False,False,hydropower,True,
716,2673,,COMPUERTO,1960,-99,-4.827525999999978,42.86193100000003,78,273,2.96,96.7,32.7,5412,56.7,1178,305,True,True,True,False,False,False,False,False,False,False,irrigation,False,
1773,2674,,PORTODEMOUROS,1967,-99,-8.18826299999995,42.85709000000003,93,469,6.76,297.0,43.9,31282,30.1,245,1175,False,True,False,False,False,False,False,False,False,False,hydropower,True,
285,2675,,BARRIOS DE LUNA,1956,-99,-5.862680999999952,42.84987600000005,97,229,7.21,308.0,42.7,8953,109.1,1053,482,True,True,True,False,False,False,False,False,False,False,irrigation,False,
3101,2676,,MATALAVILLA,1967,-99,-6.450761999999941,42.83567700000003,115,215,1.03,65.0,63.1,1706,120.8,928,88,False,True,False,False,False,False,False,False,False,False,hydropower,True,
1165,2677,ITOIZ RESERVOIR,ITOIZ,2003,-99,-1.3615009999999756,42.80293900000004,128,525,10.42,586.0,56.2,13169,141.1,516,497,True,True,False,False,False,False,False,False,False,False,irrigation,False,
36,2678,,AGUILAR DE CAMPOO,1963,-99,-4.2872919999999795,42.795525000000055,48,500,10.61,265.3,25.0,8381,100.4,910,546,True,True,False,False,False,False,False,False,False,False,irrigation,False,
1226,2679,,LANUZA,1978,-99,-0.31444099999993114,42.752324000000044,80,176,0.86,25.0,29.1,1946,40.7,1259,115,False,True,True,False,False,False,False,False,False,False,supply,False,
111,2680,,ALLOZ,1930,-99,-1.9441789999999628,42.70723700000008,67,74,1.65,84.3,51.1,3109,86.0,452,149,True,True,False,False,False,False,False,False,False,False,irrigation,False,
386,2681,,BUBAL,1971,-99,-0.316037999999935,42.68244800000008,90,195,1.72,64.3,37.4,4578,44.5,1074,298,True,False,False,False,False,False,False,False,False,False,irrigation,True,
2470,2682,,VILASOUTO,1969,-99,-7.42229199999997,42.66179400000004,59,336,0.88,20.5,23.3,1025,63.4,451,55,True,False,True,False,False,False,False,False,False,False,irrigation,False,
312,2683,,BELESAR,1963,-99,-7.7146549999999365,42.630423000000064,129,600,10.47,645.6,61.7,91916,22.3,335,4332,False,True,False,False,False,False,False,False,False,False,hydropower,True,
2536,2684,,YESA,1959,-99,-1.1808679999999754,42.61520000000007,77,398,15.54,446.9,28.8,66214,21.4,485,2186,True,False,False,False,False,False,False,False,False,False,irrigation,True,
261,2685,,BARCENA,1960,-99,-6.558712999999955,42.57770500000004,109,166,6.35,341.5,53.8,16469,65.8,610,821,True,True,True,False,False,False,False,False,False,False,irrigation,False,
1640,2686,,LOS PEARES,1955,-99,-7.724353999999948,42.465948000000026,94,261,3.67,182.0,49.6,95069,6.1,170,4587,False,True,False,False,False,False,False,False,False,False,hydropower,True,
2011,2687,,SAN ESTEBAN,1955,-99,-7.64736199999993,42.413775000000044,115,295,3.41,213.2,62.5,135393,5.0,231,7203,False,True,False,False,False,False,False,False,False,False,hydropower,True,
58,2688,,ALBARELLOS,1971,-99,-8.194867999999929,42.40036500000008,90,285,0.99,90.7,91.6,6585,43.7,305,200,False,True,False,False,False,False,False,False,False,False,hydropower,True,
1665,2689,,LA PEÑA,1913,-99,-0.7343749999999432,42.38464700000003,59,112,1.54,15.4,10.0,23359,2.1,539,1568,True,False,False,False,False,False,False,False,False,False,irrigation,True,
2449,2690,,VELLE,1966,-99,-7.851948999999934,42.36109700000003,27,195,1.37,17.0,12.4,243717,0.2,115,12781,False,True,False,False,False,False,False,False,False,False,hydropower,True,
848,2691,,EIRAS,1977,-99,-8.488452999999936,42.34687400000007,51,191,1.07,22.2,20.7,4905,14.4,249,142,False,False,True,False,False,False,False,False,False,False,supply,True,
1786,2692,,PRADA,1958,-99,-7.03854199999995,42.30941500000006,85,286,4.44,122.0,27.5,4843,79.9,835,254,False,True,False,False,False,False,False,False,False,False,hydropower,True,
2345,2693,,UZQUIZA,1988,-99,-3.3672899999999686,42.30527300000006,65,460,2.0,75.0,37.5,1765,134.7,1090,150,False,False,True,False,False,False,False,False,False,False,supply,True,
591,2694,,CASTRELO,1969,-99,-8.114582999999925,42.29426100000006,29,173,3.46,60.2,17.4,254809,0.7,88,13458,False,True,False,False,False,False,False,False,False,False,hydropower,True,
179,2695,,ARLANZON,1933,-99,-3.3406349999999634,42.26308000000006,47,267,1.0,22.4,22.4,1217,58.4,1120,105,True,False,True,False,False,False,False,False,False,False,supply,False,
647,2696,,CHANDREJA,1953,-99,-7.389582999999959,42.260417000000075,85,236,1.24,60.6,48.9,2362,81.4,894,131,False,True,False,False,False,False,False,False,False,False,hydropower,True,
255,2697,,BAO,1960,-99,-7.16563199999996,42.24233200000003,107,257,5.49,238.1,43.4,12677,59.6,690,715,False,True,False,False,False,False,False,False,False,False,hydropower,True,
1038,2699,,GONZALEZ LACASA,1962,-99,-2.673753999999974,42.174236000000064,71,316,1.37,32.9,24.0,456,228.8,973,42,True,False,True,False,False,False,False,False,False,False,irrigation,False,
3172,2700,,MANSILLA,1960,-99,-2.9145829999999364,42.156127000000026,80,209,1.95,67.7,34.7,2508,85.6,927,243,True,True,False,False,False,False,False,False,False,False,irrigation,False,
956,2701,,FRIEIRA,1970,-99,-8.19189799999998,42.15597500000007,33,194,3.35,44.4,13.3,299083,0.5,71,15130,False,True,False,False,False,False,False,False,False,False,hydropower,True,
2051,2702,,SAN SEBASTIAN,1959,-99,-6.946662999999944,42.14446400000003,60,292,1.23,45.0,36.6,2107,67.7,1187,111,True,False,False,False,False,False,False,False,False,False,irrigation,True,
1767,2703,,LAS PORTAS,1974,-99,-7.211220999999966,42.114298000000076,141,476,8.48,535.7,63.2,2903,585.2,872,166,False,True,False,False,False,False,False,False,False,False,hydropower,True,
2175,2704,,LA SOTONERA,1963,-99,-0.6646159999999668,42.11115900000004,34,3870,14.58,181.6,12.5,1732,332.5,413,197,True,False,True,False,False,False,False,False,False,False,irrigation,False,
1579,2706,,PAJARES,1994,-99,-2.6089149999999677,42.088145000000054,77,420,1.28,35.0,27.3,819,135.5,1200,101,False,False,True,False,False,False,False,False,False,False,supply,True,
629,2707,,CERNADILLA,1969,-99,-6.4608259999999404,42.01946600000008,-99,388,10.01,255.4,25.5,9939,81.5,882,573,False,True,False,False,False,False,False,False,False,False,hydropower,True,
2431,2708,,VALPARAISO,1988,-99,-6.274026999999933,41.993569000000036,64,540,12.33,168.5,13.7,11978,44.6,830,797,False,True,False,False,False,False,False,False,False,False,hydropower,True,
1544,2709,,NUESTRA SEÑORA DEL AGAVANZAL,1995,-99,-6.143804999999929,41.977066000000036,42,521,3.37,35.9,10.7,17793,6.4,785,1340,True,True,False,False,False,False,False,False,False,False,hydropower,False,
724,2710,,LAS CONCHAS,1949,-99,-8.033466999999973,41.94420300000007,48,304,4.48,80.0,17.9,18949,13.4,533,851,False,True,False,False,False,False,False,False,False,False,hydropower,True,
1976,2711,,SALAS,1971,-99,-7.942013999999972,41.92527000000007,50,1005,2.82,86.7,30.7,3957,69.5,823,151,False,True,False,False,False,False,False,False,False,False,hydropower,True,
785,2712,,CUERDA DEL POZO,1941,-99,-2.7036809999999605,41.875379000000066,40,425,14.31,229.0,16.0,2947,246.4,1073,555,True,True,True,False,False,False,False,False,False,False,irrigation,False,
1306,2722,,MAIDEVERA,1981,-99,-1.7593749999999773,41.57764600000007,54,318,1.08,18.3,16.9,75,773.7,796,79,True,False,False,False,False,False,False,False,False,False,irrigation,True,
593,2723,,CASTRO,1952,-99,-6.184374999999932,41.57660100000004,55,136,2.7,28.0,10.4,277312,0.3,590,63168,False,True,False,False,False,False,False,False,False,False,hydropower,True,
1907,2725,,RICOBAYO,1934,-99,-5.984163999999964,41.528001000000074,100,270,22.75,1200.0,52.7,147569,25.8,651,15962,False,True,False,False,False,False,False,False,False,False,hydropower,True,
1257,2726,,LINARES DEL ARROYO,1951,-99,-3.555576999999971,41.525641000000064,36,112,3.27,58.1,17.8,2499,73.7,917,758,True,True,False,False,False,False,False,False,False,False,irrigation,False,
2483,2728,,VILLALCAMPO,1949,-99,-6.084094999999934,41.492598000000044,50,300,1.66,66.5,40.1,281850,0.7,621,62985,False,True,False,False,False,False,False,False,False,False,hydropower,True,
400,2731,,BURGOMILLODO,1953,-99,-3.880207999999925,41.335417000000064,44,114,0.37,14.5,39.2,2471,18.6,879,830,False,True,False,False,False,False,False,False,False,False,hydropower,True,
116,2733,ALMENDRA,ALMENDRA,1970,-99,-6.321671999999978,41.27389400000004,202,567,37.05,2648.6,71.5,32737,256.5,690,6944,False,True,False,False,False,False,False,False,False,False,hydropower,True,
2305,2734,,LA TRANQUERA,1960,-99,-1.7993289999999433,41.262811000000056,81,225,4.14,83.7,20.2,1638,162.0,663,1468,True,False,True,False,False,False,False,False,False,False,irrigation,False,
84,2735,,ALDEADAVILA,1963,-99,-6.684417999999937,41.21340900000007,140,250,2.24,114.8,51.3,313993,1.2,418,71834,False,True,False,False,False,False,False,False,False,False,hydropower,True,
1590,2743,,PALMACES,1954,-99,-2.9388209999999617,41.05241600000005,40,128,1.63,31.4,19.3,994,100.2,879,282,True,False,False,False,False,False,False,False,False,False,irrigation,True,
2111,2744,,SAUCELLE,1956,-99,-6.802082999999925,41.048437000000035,83,178,5.13,181.5,35.4,313146,1.8,198,72077,False,True,False,False,False,False,False,False,False,False,hydropower,True,
79,2745,,ALCORLO,1978,-99,-3.0237339999999335,41.011250000000075,73,250,2.88,180.0,62.5,1331,428.8,917,365,True,False,True,False,False,False,False,False,False,False,irrigation,False,
2348,2746,,EL VADO,1954,-99,-3.2978969999999777,41.00628700000004,69,178,1.31,55.7,42.5,1445,122.2,913,376,False,False,True,False,False,False,False,False,False,False,supply,True,
1808,2747,,PUENTES VIEJAS,1940,-99,-3.573603999999932,40.992853000000025,66,324,1.65,49.2,29.8,3097,50.4,954,664,False,False,True,False,False,False,False,False,False,False,supply,True,
1924,2749,,RIOSEQUILLO,1956,-99,-3.6491659999999797,40.983956000000035,56,1060,2.41,48.5,20.1,1973,77.9,982,395,False,False,True,False,False,False,False,False,False,False,supply,True,
790,2750,,CUEVA FORADADA,1926,-99,-0.6942089999999439,40.98371700000007,65,113,0.89,26.3,29.6,148,563.5,584,663,True,True,False,False,False,False,False,False,False,False,hydropower,False,
2496,2751,,EL VILLAR,1882,-99,-3.5627249999999435,40.94951800000007,50,107,0.94,22.5,23.9,3341,21.4,923,714,False,False,True,False,False,False,False,False,False,False,supply,True,
1727,2752,,LA PINILLA,1967,-99,-3.777091999999925,40.94469600000008,33,295,3.71,37.5,10.1,1116,106.6,1088,226,False,False,True,False,False,False,False,False,False,False,supply,True,
2783,2753,,BELEÑA,1982,-99,-3.1979169999999613,40.93632700000006,57,530,1.67,50.5,30.2,1744,91.8,836,464,False,False,True,False,False,False,False,False,False,False,supply,True,
430,2754,,CALANDA,1982,-99,-0.21191199999992705,40.91368600000004,63,293,0.78,54.8,70.3,3074,56.5,427,2653,False,True,False,False,False,False,False,False,False,False,hydropower,True,
217,2755,,EL ATAZAR,1972,-99,-3.474634999999978,40.913032000000044,134,484,6.08,426.0,70.1,4292,314.7,889,913,True,False,True,False,False,False,False,False,False,False,irrigation,False,
2190,2756,,LA TAJERA,1993,-99,-2.6177079999999364,40.83957200000003,62,220,2.21,68.0,30.8,1474,146.3,948,555,True,False,False,False,False,False,False,False,False,False,irrigation,True,
2100,2757,,SANTOLEA,1932,-99,-0.31770799999992505,40.76747100000006,51,138,2.35,52.5,22.3,846,196.8,615,1224,True,False,False,False,False,False,False,False,False,False,irrigation,True,
1645,2758,,PEDREZUELA,1967,-99,-3.6233159999999316,40.75701900000007,53,218,3.63,41.2,11.3,1215,107.5,827,221,False,False,True,False,False,False,False,False,False,False,supply,True,
594,2759,,CASTRO DE LAS COGOTAS,1993,-99,-4.698057999999946,40.72291700000005,67,299,1.57,58.6,37.3,3402,54.6,1034,849,False,False,True,False,False,False,False,False,False,False,supply,True,
2098,2761,,SANTILLANA,1978,-99,-3.8179569999999785,40.70782400000007,40,1355,6.76,91.1,13.5,1260,229.3,878,241,False,False,True,False,False,False,False,False,False,False,supply,True,
2091,2762,,SANTA TERESA,1960,-99,-5.598957999999925,40.66443600000008,59,504,17.43,560.0,32.1,16788,105.8,879,1830,True,True,False,False,False,False,False,False,False,False,irrigation,False,
10,2763,,LA ACEÑA,1989,-99,-4.224034999999958,40.61473900000004,-99,-99,0.51,23.7,46.5,158,475.6,1299,44,False,False,False,False,False,False,False,False,False,False,,False,
1611,2764,,EL PARDO,1970,-99,-3.7906249999999773,40.540493000000026,35,830,2.66,45.0,16.9,2786,51.2,621,525,False,False,False,False,False,False,False,False,False,True,other,True,
2430,2765,,VALMAYOR,1975,-99,-4.048705999999925,40.53508000000005,60,1215,6.29,124.0,19.7,430,914.4,827,113,False,False,True,False,False,False,False,False,False,False,supply,True,
33,2766,,AGUEDA,1931,-99,-6.480825999999979,40.52959000000004,38,196,0.63,22.4,35.6,7756,9.2,667,789,True,True,False,False,False,False,False,False,False,False,irrigation,False,
869,2767,,ENTREPEÑAS,1956,-99,-2.747712999999976,40.49257700000004,87,383,20.05,802.6,40.0,10223,249.0,719,3843,True,True,False,False,False,False,False,False,False,False,irrigation,False,
401,2768,,EL BURGUILLO,1913,-99,-4.536667999999963,40.42427800000007,91,300,5.86,208.0,35.5,6955,94.8,743,1057,True,True,False,False,False,False,False,False,False,False,irrigation,False,
3518,2769,BUENDIA,BUENDIA,1957,-99,-2.7809709999999654,40.39901700000007,79,351,32.42,1638.7,50.5,7633,680.8,700,3331,True,True,False,False,False,False,False,False,False,False,irrigation,False,
2018,2770,,SAN JUAN,1955,-99,-4.312150999999972,40.37383500000004,78,230,3.88,148.3,38.2,10149,46.3,541,1962,True,True,False,False,False,False,False,False,False,False,irrigation,False,
183,2771,,ARQUILLO DE SAN BLAS,1960,-99,-1.207100999999966,40.363312000000064,54,173,0.66,22.0,33.3,1621,43.0,986,831,True,False,True,False,False,False,False,False,False,False,irrigation,False,
356,2772,,BOLARQUE,1910,-99,-2.817376999999965,40.36305800000008,46,292,2.8,30.7,11.0,18019,5.4,702,7406,True,True,False,False,False,False,False,False,False,False,irrigation,False,
1699,2774,,PICADAS,1952,-99,-4.251041999999927,40.336018000000024,59,145,0.29,15.2,52.4,10321,4.7,529,2019,True,True,False,False,False,False,False,False,False,False,irrigation,False,
970,2779,,GABRIEL Y GALAN,1961,-99,-6.1312639999999305,40.22340500000007,73,1020,24.34,924.2,38.0,15229,192.4,372,1861,True,True,False,False,False,False,False,False,False,False,irrigation,False,
1934,2780,,RIVERA DE GATA,1990,-99,-6.63229199999995,40.13639100000006,61,356,2.1,48.9,23.3,1836,84.5,337,186,True,False,True,False,False,False,False,False,False,False,irrigation,False,
367,2781,,BORBOLLON,1954,-99,-6.576221999999973,40.127557000000024,35,225,6.46,85.0,13.2,3232,83.4,309,342,True,True,False,False,False,False,False,False,False,False,irrigation,False,
1951,2782,,ROSARITO,1958,-99,-5.321503999999948,40.10887100000008,38,123,10.11,84.7,8.4,16360,16.4,325,1758,True,True,False,False,False,False,False,False,False,False,irrigation,False,
2380,2783,,VALDEOBISPO,1965,-99,-6.250280999999973,40.09969700000005,57,135,2.74,53.0,19.3,20737,8.1,297,2455,True,True,False,False,False,False,False,False,False,False,irrigation,False,
171,2785,,ARENOS,1978,-99,-0.5497159999999326,40.08689100000004,107,428,1.12,137.7,122.9,2130,205.0,554,1442,True,False,False,False,False,False,False,False,False,False,irrigation,True,
1188,2786,,JERTE,1985,-99,-6.042143999999951,40.061619000000064,43,503,3.57,58.5,16.4,3731,49.7,349,376,True,False,True,False,False,False,False,False,False,False,supply,False,
2804,2787,,NAVALCAN,1977,-99,-5.140624999999943,40.04696700000005,26,183,7.04,33.9,4.8,2762,38.9,368,356,True,False,True,False,False,False,False,False,False,False,irrigation,False,
1333,2788,,MARIA CRISTINA,1920,-99,-0.160541999999964,40.03095700000006,59,318,0.29,19.7,67.9,3502,17.8,120,1447,True,False,False,False,False,False,False,False,False,False,irrigation,True,
2138,2789,,SICHAR,1960,-99,-0.2302079999999478,40.011581000000035,58,165,1.2,49.3,41.1,5186,30.1,149,2502,True,False,False,False,False,False,False,False,False,False,irrigation,True,
2281,2793,,TORREJON TIETAR,1967,-99,-5.990112999999951,39.83992000000006,30,227,1.77,22.0,12.4,43868,1.6,228,4468,False,True,False,False,False,False,False,False,False,False,hydropower,True,
587,2794,,CASTREJON,1967,-99,-4.289874999999938,39.84006300000004,26,1440,4.32,41.0,9.5,76582,1.7,423,27092,True,True,False,False,False,False,False,False,False,False,irrigation,False,
2280,2795,,TORREJON TAJO,1966,-99,-5.984786999999926,39.83340500000003,62,380,8.51,176.3,20.7,119654,4.7,284,36744,False,True,False,False,False,False,False,False,False,False,hydropower,True,
1085,2796,,GUAJARAZ,1971,-99,-4.0862489999999525,39.797405000000026,47,332,0.94,18.1,19.3,484,118.6,600,368,False,False,True,False,False,False,False,False,False,False,supply,True,
190,2797,,ARROCAMPO,1976,-99,-5.730207999999948,39.78665200000006,36,225,5.94,35.5,6.0,773,145.6,254,108,False,True,False,False,False,False,False,False,False,False,hydropower,True,
2362,2798,VALDECANAS,VALDECAÑAS,1964,-99,-5.609351999999944,39.778054000000054,98,290,38.49,1450.0,37.7,114568,40.1,310,36160,True,True,False,False,False,False,False,False,False,False,irrigation,False,
231,2799,,AZUTAN,1969,-99,-5.08939799999996,39.776076000000046,55,500,9.23,113.0,12.2,105651,3.4,352,34722,True,True,False,False,False,False,False,False,False,False,hydropower,False,
1197,2800,,ALCANTARA,1969,-99,-6.884571999999935,39.73162300000007,135,570,45.32,3162.0,69.8,236677,42.4,195,51613,False,True,False,False,False,False,False,False,False,False,hydropower,True,
319,2801,,BENAGEBER,1955,-99,-1.0990109999999618,39.72812800000003,110,227,3.85,221.3,57.5,4271,164.3,514,4173,True,False,False,False,False,False,False,False,False,False,irrigation,True,
1285,2802,,LORIGUILLA,1967,-99,-0.9149149999999509,39.66877400000004,74,198,1.04,70.9,68.2,5286,42.5,294,4790,True,False,False,False,False,False,False,False,False,False,irrigation,True,
611,2803,,CEDILLO,1975,-99,-7.53844799999996,39.66563400000007,66,418,5.81,260.0,44.8,284180,2.9,115,58489,False,True,False,False,False,False,False,False,False,False,hydropower,True,
918,2804,,FINISTERRE,1977,-99,-3.6526269999999386,39.64890500000007,34,712,6.62,133.0,20.1,1172,359.8,688,744,False,False,False,False,False,False,False,False,False,True,other,True,
55,2805,,ALARCON,1955,-99,-2.110463999999979,39.56879200000003,71,317,24.16,1112.0,46.0,9156,385.1,786,2945,True,True,False,False,False,False,False,False,False,False,irrigation,False,
731,2807,,CONTRERAS,1974,-99,-1.5009889999999473,39.54476000000005,129,241,6.78,874.0,128.9,8750,316.7,641,3330,True,True,False,False,False,False,False,False,False,False,hydropower,False,
1083,2810,,GUADILOBA,1971,-99,-6.296312999999941,39.488054000000034,32,534,1.77,20.4,11.5,496,130.4,351,132,False,False,True,False,False,False,False,False,False,False,supply,True,
686,2811,,CIJARA,1956,-99,-5.014570999999933,39.377091000000064,81,295,30.22,1640.0,54.3,38287,135.8,407,24436,True,True,False,False,False,False,False,False,False,False,irrigation,False,
2960,2812,,TORRE DE ABRAHAM,1997,-99,-4.252122999999926,39.369436000000064,51,481,14.39,185.0,12.9,1702,344.7,657,744,True,False,False,False,False,False,False,False,False,False,irrigation,True,
938,2813,,FORATA,1969,-99,-0.865244999999959,39.34389200000004,68,225,0.66,37.5,56.8,2018,58.9,367,1055,True,False,False,False,False,False,False,False,False,False,irrigation,True,
1494,2815,,EL NARANJERO,1989,-99,-0.8521339999999782,39.27630300000004,84,191,0.29,29.0,100.0,32740,2.8,254,16387,False,True,False,False,False,False,False,False,False,False,hydropower,True,
1961,2816,,RUECAS,1996,-99,-5.493636999999978,39.26885600000003,43,800,2.25,50.4,22.4,636,251.3,382,139,True,False,True,False,False,False,False,False,False,False,irrigation,False,
741,2817,,CORTES II,1989,-99,-0.9187499999999318,39.25945500000006,112,312,2.56,116.0,45.3,32588,11.3,338,16330,False,True,False,False,False,False,False,False,False,False,hydropower,True,
856,2818,,EMBARCADEROS,1952,-99,-1.0366719999999532,39.24107900000007,32,65,0.48,11.0,22.9,32266,1.1,365,16176,False,True,False,False,False,False,False,False,False,False,hydropower,True,
2141,2820,,SIERRA BRAVA,1996,-99,-5.6447919999999385,39.19479800000005,-99,-99,11.74,232.0,19.8,842,873.7,312,210,False,False,False,False,False,False,False,False,False,False,,False,
2495,2821,,VILLAR DEL REY,1987,-99,-6.865624999999966,39.15304000000003,50,205,7.79,207.4,26.6,3962,166.0,258,1019,True,False,True,False,False,False,False,False,False,False,irrigation,False,
993,2822,GARCIA DE SOLA,GARCIA DE SOLA,1962,-99,-5.185863999999981,39.14541500000007,65,245,22.77,640.0,28.1,44380,45.7,351,25815,True,True,False,False,False,False,False,False,False,False,irrigation,False,
3133,2823,,TOUS,1994,-99,-0.656285999999966,39.13546500000007,136,1025,3.32,340.4,102.5,34819,31.0,90,17064,True,False,True,False,False,False,False,False,False,False,irrigation,False,
1019,2824,,GASSET,1909,-99,-3.9381219999999644,39.13125000000008,15,178,3.59,41.7,11.6,252,524.7,624,163,True,False,True,False,False,False,False,False,False,False,irrigation,False,
2463,2825,,EL VICARIO,1973,-99,-3.9927079999999364,39.060261000000025,22,173,1.58,52.0,32.9,18105,9.1,593,16163,True,False,False,False,False,False,False,False,False,True,irrigation,False,
1673,2826,,PEÑARROYA,1959,-99,-3.0054849999999647,39.05987900000008,50,250,3.87,47.8,12.4,1629,93.0,735,951,True,False,True,False,False,False,False,False,False,False,irrigation,False,
1565,2830,,ORELLANA,1961,-99,-5.537994999999967,38.987081000000046,63,737,39.96,900.0,22.5,45873,62.2,282,26255,True,True,True,False,False,False,False,False,False,False,irrigation,False,
314,2831,EMBALSE DE BELLUS,BELLUS,1995,-99,-0.4770829999999364,38.93843500000003,46,724,2.07,69.2,33.4,1564,140.3,139,498,False,False,False,False,False,False,False,False,False,True,other,True,
2561,2832,,ZUJAR,1964,-99,-5.477023999999972,38.918908000000044,61,350,12.9,346.0,26.8,22872,48.0,316,7651,True,True,True,False,False,False,False,False,False,False,irrigation,False,
2127,2833,,LA SERENA,1989,-99,-5.4104169999999385,38.91041700000005,88,580,93.14,3231.8,34.7,22155,462.6,340,7426,True,True,False,False,False,False,False,False,False,False,irrigation,False,
324,2834,,BENIARRES,1958,-99,-0.3562499999999318,38.81351600000005,53,395,1.27,29.5,23.2,1643,56.9,311,456,True,False,False,False,False,False,False,False,False,False,irrigation,True,
52,2835,,ALANGE,1992,-99,-6.26878499999998,38.78507300000007,67,720,33.13,851.7,25.7,7695,351.0,265,2525,True,True,True,False,False,False,False,False,False,False,irrigation,False,
2441,2836,,LA VEGA DEL JABALON,1992,-99,-3.7877999999999474,38.762158000000056,25,535,3.29,33.5,10.2,2152,49.4,634,1806,False,False,True,False,False,False,False,False,False,False,supply,True,
1336,2838,,MARISANCHEZ,1991,-99,-3.273345999999947,38.69392300000004,30,698,5.03,62.0,12.3,813,241.8,761,550,True,False,True,False,False,False,False,False,False,False,irrigation,False,
1065,2839,,GUADALEST,1964,-99,-0.19429799999994657,38.68188500000008,77,285,0.14,13.4,95.7,244,174.1,341,61,True,False,True,False,False,False,False,False,False,False,irrigation,False,
3259,2840,,LA FRESNEDA,1988,-99,-3.6270829999999705,38.55719200000004,39,193,1.34,13.2,9.9,155,270.0,718,135,False,False,True,False,False,False,False,False,False,False,supply,True,
132,2842,,AMADORIO,1957,-99,-0.265280999999959,38.53572600000007,68,318,0.18,15.8,87.8,714,70.2,96,200,True,False,True,False,False,False,False,False,False,False,irrigation,False,
1421,2843,,LOS MOLINOS DE MATACHEL,1983,-99,-6.123030999999969,38.531116000000054,35,305,2.69,49.2,18.3,3777,41.3,347,1221,False,False,True,False,False,False,False,False,False,False,supply,True,
105,2844,,EL ALISILLO,1950,2007,-4.099028999999973,38.528226000000075,41,174,3.2,28.0,8.8,1100,80.7,572,552,True,False,False,False,False,False,False,False,False,False,irrigation,True,
2197,2846,,EL TALAVE,1918,-99,-1.8687499999999773,38.50625000000008,46,156,1.81,33.3,18.4,1755,60.2,500,773,True,True,False,False,False,False,False,False,False,False,irrigation,False,
958,2848,,FUENSANTA,1933,-99,-2.2105039999999576,38.38884000000007,82,233,2.43,178.7,73.5,4611,122.9,566,1199,True,True,True,False,False,False,False,False,False,False,irrigation,False,
620,2849,,EL CENAJO,1960,-99,-1.7777699999999754,38.364588000000026,102,201,4.77,436.4,91.5,8484,163.1,408,2586,True,True,True,False,False,False,False,False,False,False,irrigation,False,
1070,2850,,GUADALMENA,1969,-99,-2.913748999999939,38.364625000000046,96,348,6.49,346.5,53.4,4014,273.7,587,1236,True,False,False,False,False,False,False,False,False,False,irrigation,True,
442,2851,,CAMARILLAS,1960,-99,-1.6475319999999556,38.34137400000003,49,25,1.66,35.8,21.6,3873,29.3,419,2701,False,True,False,False,False,False,False,False,False,False,hydropower,True,
2140,2853,,SIERRA BOYERA,1973,-99,-5.223791999999946,38.26020200000005,33,510,3.13,40.9,13.1,1163,111.5,495,422,False,False,False,False,True,False,False,False,False,False,recreation,True,
1172,2855,,JANDULA,1932,-99,-3.9729089999999587,38.227111000000036,90,240,4.57,322.0,70.5,3957,258.0,329,2245,False,True,True,False,False,False,False,False,False,False,hydropower,False,
93,2856,,ALFONSO XIII,1915,-99,-1.599290999999937,38.22143900000003,47,87,1.18,21.6,18.3,989,69.3,337,843,False,True,False,False,False,False,False,False,False,False,hydropower,True,
2188,2858,,TAIBILLA,1973,-99,-2.2602189999999496,38.189636000000064,39,293,0.4,10.0,25.0,942,33.7,944,317,False,False,True,False,False,False,False,False,False,False,supply,True,
916,2860,,LA FERNANDINA,1991,-99,-3.5696029999999723,38.18175700000006,101,462,4.68,245.0,52.4,1299,598.1,435,648,False,False,True,False,False,False,False,False,False,False,supply,True,
2303,2861,,TRANCO DE BEAS,1945,-99,-2.79479299999997,38.17262200000005,93,290,9.4,500.0,53.2,2296,690.5,621,570,True,True,False,False,False,False,False,False,False,False,irrigation,False,
174,2862,,ARGOS,1970,-99,-1.7364579999999705,38.16953300000006,31,316,0.66,11.2,17.0,772,46.0,411,446,False,True,False,False,False,False,False,False,False,False,hydropower,True,
863,2863,,ENCINAREJO,1932,-99,-3.9925479999999425,38.16530400000005,33,170,1.68,15.0,8.9,4311,11.0,264,2428,True,True,True,False,False,False,False,False,False,False,irrigation,False,
1413,2864,,GUADALEN,1954,-99,-3.4770829999999364,38.16458300000005,59,283,7.69,173.0,22.5,3512,156.2,341,1379,False,True,False,False,False,False,False,False,False,False,hydropower,True,
1966,2865,,RUMBLAR,1941,-99,-3.804722999999967,38.161916000000076,68,220,4.3,126.0,29.3,813,491.4,312,580,True,False,True,False,False,False,False,False,False,False,irrigation,False,
2101,2866,,SANTOMERA,1965,-99,-1.0896289999999453,38.10205400000007,52,206,0.6,25.5,42.5,118,685.3,82,146,True,False,False,True,False,False,False,False,False,False,irrigation,False,
1803,2867,,PUENTE NUEVO,1972,-99,-4.924865999999952,38.08720600000004,55,232,12.09,286.8,23.7,2664,341.4,478,998,False,False,True,False,False,False,False,False,False,False,supply,True,
1033,2868,,GIRIBAILE,1996,-99,-3.509329999999977,38.08887400000003,89,611,10.12,475.0,46.9,11058,136.2,325,2890,False,True,False,False,False,False,False,False,False,True,hydropower,False,
2534,2869,,YEGUAS,1989,-99,-4.247900999999956,38.068678000000034,87,668,3.94,228.7,58.0,1629,445.2,228,798,True,False,False,False,False,False,False,False,False,False,irrigation,True,
1068,2870,,GUADALMELLATO,1928,-99,-4.671873999999946,38.04383100000007,61,396,3.88,147.4,38.0,2908,160.7,195,1195,True,True,True,False,False,False,False,False,False,False,irrigation,False,
1643,2871,,LA PEDRERA,1980,-99,-0.8697919999999613,38.03002500000008,65,716,5.04,246.1,48.8,40,10000.0,100,36,True,False,True,False,False,False,False,False,False,False,supply,False,
1732,2872,,EL PINTADO,1948,-99,-5.95308799999998,37.98597100000006,86,356,3.92,202.0,51.5,4728,135.5,329,1137,True,True,False,False,False,False,False,False,False,False,irrigation,False,
2048,2873,,SAN RAFAEL DE NAVALLANA,1991,-99,-4.626105999999936,37.95624600000008,64,364,6.89,157.0,22.8,3132,159.0,152,1282,True,False,False,False,False,False,False,False,False,False,irrigation,True,
153,2875,,ARACENA,1969,-99,-6.4503199999999765,37.908097000000055,60,612,5.72,129.0,22.6,3402,120.2,308,405,False,True,False,False,False,False,False,False,False,False,hydropower,True,
316,2876,,BEMBEZAR,1963,-99,-5.2090259999999375,37.903617000000054,99,277,4.29,347.0,80.9,5160,213.2,151,1726,False,True,False,False,False,False,False,False,False,False,hydropower,True,
1840,2878,,RAMBLA DE ALGECIRAS,1995,-99,-1.3906249999999432,37.88997000000006,80,636,0.27,50.0,185.2,35,4530.0,235,45,False,False,False,True,False,False,False,False,False,True,flood,False,
2007,2879,,SAN CLEMENTE,1990,-99,-2.6476209999999583,37.86079900000004,92,580,0.69,120.0,173.9,471,807.9,1025,159,True,False,True,False,False,False,False,False,False,False,irrigation,False,
1887,2880,,RETORTILLO,1970,-99,-5.348957999999925,37.84422900000004,53,156,3.38,73.2,21.7,830,279.7,182,303,True,False,False,False,False,False,False,False,False,False,irrigation,True,
2992,2882,,LA BREÑA,1935,2008,-5.043116999999938,37.82855100000006,54,207,3.5,103.0,29.4,4067,80.3,95,1496,True,False,False,False,False,False,False,False,False,False,irrigation,True,
2367,2883,,VALDEINFIERNO,1806,-99,-1.965804999999932,37.80652500000008,49,165,0.78,14.2,18.2,383,117.6,691,435,True,False,False,False,False,False,False,False,False,True,irrigation,False,
1771,2884,,EL PORTILLO,1999,-99,-2.78677399999998,37.80378900000005,83,327,2.39,33.5,14.0,368,288.7,860,122,True,False,False,False,False,False,False,False,False,False,irrigation,True,
2560,2885,,ZUFRE,1987,-99,-6.282363999999973,37.800549000000046,69,495,2.05,168.0,82.0,6578,81.0,250,831,False,False,True,False,False,False,False,False,False,False,supply,True,
1145,2886,,HUESNA,1990,-99,-5.6842699999999695,37.77002900000008,73,278,4.79,134.6,28.1,1247,342.3,245,467,False,True,False,False,False,False,False,False,False,False,hydropower,True,
358,2887,,LA BOLERA,1967,-99,-2.9010419999999613,37.76559700000007,48,108,1.4,54.7,39.1,491,353.3,957,166,False,False,False,False,True,False,False,False,False,False,recreation,True,
1198,2888,,JOSE TORAN,1992,-99,-5.485756999999978,37.752289000000076,77,362,3.63,101.2,27.9,595,539.3,136,239,False,False,True,False,False,False,False,False,False,False,supply,True,
3091,2889,,PUENTES III,1887,-99,-1.8199639999999704,37.73513400000007,62,362,2.67,29.5,11.0,1178,79.4,449,1438,True,False,False,True,False,False,False,False,False,False,irrigation,False,
427,2891,,CALA,1927,-99,-6.090376999999933,37.71798300000006,53,346,1.47,58.8,40.0,3280,56.8,261,521,False,True,False,False,False,False,False,False,False,False,hydropower,True,
2171,2892,,SOTIEL,1982,-99,-6.8056309999999485,37.71369400000003,45,191,1.25,28.5,22.8,1772,51.0,165,162,False,False,True,False,False,False,False,False,False,True,supply,False,
1395,2893,,LA MINILLA,1956,-99,-6.1866059999999266,37.66865400000006,62,245,1.67,56.4,33.8,7690,23.3,167,988,True,False,True,False,False,False,False,False,False,False,irrigation,False,
2350,2894,VADOMOJON,VADOMOJON,1997,-99,-4.225858999999957,37.638288000000045,75,427,5.43,165.0,30.4,3440,152.1,335,1188,True,False,False,False,False,False,False,False,False,True,irrigation,False,
648,2895,,CHANZA,1989,-99,-7.518854999999974,37.55984300000006,85,338,7.14,452.0,63.3,15403,93.1,59,2136,False,False,False,False,False,False,False,False,False,False,,False,
1525,2896,,NEGRATIN,1984,-99,-2.9542859999999678,37.56101400000006,75,439,14.74,546.0,37.0,7016,246.8,596,3468,True,True,False,False,False,False,False,False,False,False,irrigation,False,
25,2897,,EL AGRIO,1977,-99,-6.2843749999999545,37.53541700000005,45,232,0.49,40.0,81.6,1405,90.3,99,232,False,False,True,False,False,False,False,False,False,False,supply,True,
2058,2899,,EL SANCHO,1962,-99,-6.982307999999932,37.46206500000005,50,224,2.09,54.7,26.2,2261,76.7,42,315,False,False,True,False,False,False,False,False,False,True,supply,False,
1709,2900,,PIEDRAS,1968,-99,-7.261457999999948,37.369417000000055,40,620,5.51,79.0,14.3,1347,186.0,72,204,True,False,False,False,False,False,False,False,False,False,irrigation,True,
793,2901,CUEVAS DE ALMANZORA,CUEVAS DE ALMANZORA,1986,-99,-1.8989579999999364,37.328742000000034,118,669,5.78,190.7,33.0,1553,389.4,149,2137,True,False,False,False,False,False,False,False,False,False,irrigation,True,
945,2902,,FRANCISCO ABELLAN,1998,-99,-3.257710999999972,37.311555000000055,90,244,1.35,58.7,43.5,542,343.4,977,197,True,False,False,False,False,False,False,False,False,False,irrigation,True,
1167,2904,,IZNAJAR,1969,-99,-4.384304999999927,37.277319000000034,122,407,15.56,980.0,63.0,12556,247.5,396,4689,True,True,False,False,False,False,False,False,False,False,irrigation,False,
475,2908,,CANALES,1988,-99,-3.4770829999999364,37.15938200000005,158,340,1.34,71.0,53.0,596,377.8,945,181,True,False,False,False,False,False,False,False,False,False,irrigation,True,
1796,2909,,PUEBLA DE CAZALLA,1994,-99,-5.2424969999999576,37.12935200000004,71,220,1.88,73.7,39.2,1535,152.2,244,322,True,True,False,False,False,False,False,False,False,False,irrigation,False,
2262,2910,,TORRE DEL AGUILA,1947,-99,-5.754644999999925,37.04239200000006,42,290,4.62,66.0,14.3,1909,109.6,54,446,True,True,False,False,False,False,False,False,False,False,irrigation,False,
334,2911,,LOS BERMEJALES,1958,-99,-3.8952869999999393,36.99617900000004,67,408,4.36,104.0,23.9,1533,215.1,821,272,True,True,True,False,False,False,False,False,False,False,supply,False,
1075,2912,GUADALTEBA,GUADALTEBA,1972,-99,-4.803054999999972,36.94296500000007,84,789,4.62,150.1,32.5,7256,65.6,356,1572,True,False,True,False,False,False,False,False,False,False,irrigation,False,
1066,2913,GUADALHORCE,GUADALHORCE,1973,-99,-4.800640999999928,36.94487400000003,75,204,4.78,135.4,28.3,7256,59.2,356,1572,True,False,False,False,False,False,False,False,False,False,irrigation,True,
725,2914,CONDE DE GUADALHORCE,CONDE DE GUADALHORCE,1921,-99,-4.803549999999973,36.93106100000006,74,160,2.85,74.1,26.0,1612,145.8,341,266,False,True,False,False,False,False,False,False,False,False,hydropower,True,
342,2915,,BEZNAR,1986,-99,-3.5401829999999563,36.91594900000007,134,408,1.09,56.5,51.8,1852,96.7,450,342,True,False,False,False,False,False,False,False,False,False,irrigation,True,
328,2916,,BENINAR,1983,-99,-3.025763999999981,36.87808200000006,87,380,0.59,70.0,118.6,2696,82.3,344,521,True,False,True,False,False,False,False,False,False,False,irrigation,False,
2511,2917,,LA VIÑUELA,1986,-99,-4.163875999999959,36.862126000000046,95,460,3.17,170.0,53.6,644,837.1,229,126,True,False,False,False,False,False,False,False,False,False,irrigation,True,
1964,2918,,RULES,2003,-99,-3.4962259999999787,36.86126400000006,130,620,1.23,117.1,95.2,7332,50.6,186,1074,True,True,True,False,False,False,False,False,False,False,irrigation,False,
2539,2919,,ZAHARA,1992,-99,-5.388859999999966,36.85455300000007,82,420,5.34,223.0,41.8,809,874.1,330,136,True,False,True,False,False,False,False,False,False,False,irrigation,False,
369,2920,,BORNOS,1961,-99,-5.759232999999938,36.79380900000007,52,164,10.1,215.4,21.3,7474,91.4,110,1353,False,True,False,False,False,False,False,False,False,False,hydropower,True,
1062,2921,,GUADALCACIN II,1995,-99,-5.783755999999926,36.66778400000004,78,260,17.09,800.0,46.8,4601,551.4,98,699,True,True,False,False,False,False,False,False,False,False,irrigation,False,
1146,2922,,LOS HURONES,1964,-99,-5.562921999999958,36.66208100000006,73,405,4.18,135.0,32.3,2244,190.8,203,347,True,False,False,False,False,False,False,False,False,False,irrigation,True,
3499,2923,,LA CONCEPCION,1971,-99,-4.961513999999966,36.53652400000004,90,253,1.45,61.0,42.1,1000,193.4,59,144,False,False,True,False,False,False,False,False,False,False,supply,True,
257,2924,,BARBATE,1992,-99,-5.739530999999943,36.377117000000055,30,1352,12.91,231.0,17.9,2785,263.0,28,356,True,False,False,False,False,False,False,False,False,False,irrigation,True,
1078,2925,,GUADARRANQUE,1965,-99,-5.46513299999998,36.310302000000036,71,235,2.79,87.0,31.2,1338,206.2,67,146,True,False,True,False,False,False,False,False,False,False,irrigation,False,
616,2926,,CELEMIN,1972,-99,-5.774005999999929,36.30252000000007,34,430,2.54,43.0,16.9,777,175.5,32,94,True,False,False,False,False,False,False,False,False,False,irrigation,True,
660,2927,,CHARCO REDONDO,1983,-99,-5.544933999999955,36.233194000000026,72,311,0.95,81.5,85.8,899,287.5,62,105,True,False,True,False,False,False,False,False,False,False,supply,False,
351,3478,,BOADELLA,1968,-99,2.831377000000032,42.34386500000005,63,250,2.04,62.0,30.4,2316,84.9,148,194,True,True,True,False,False,False,False,False,False,False,irrigation,False,
877,3479,,ESCALES,1955,-99,0.7437530000000265,42.327908000000036,125,200,2.77,153.8,55.5,9001,54.2,816,722,False,True,False,False,False,False,False,False,False,False,hydropower,True,
1364,3481,,MEDIANO,1959,-99,0.21013700000003155,42.31492000000003,92,500,11.88,438.0,36.9,25641,54.2,514,1837,True,True,False,False,False,False,False,False,False,False,hydropower,False,
2193,3485,,TALARN,1916,-99,0.9154190000000426,42.181481000000076,86,180,4.9,205.1,41.9,20817,31.2,496,2048,False,True,False,False,False,False,False,False,False,False,hydropower,True,
1047,3486,,EL GRADO I,1969,-99,0.2360230000000456,42.15290300000004,130,959,10.38,399.0,38.4,29769,42.5,447,2140,False,True,False,False,False,False,False,False,False,False,hydropower,True,
256,3487,BARASONA,BARASONA,1932,-99,0.3156250000000682,42.12774200000007,66,99,5.42,92.2,17.0,19201,15.2,448,1516,True,False,True,False,False,False,False,False,False,False,irrigation,False,
234,3488,,LA BAELLS,1976,-99,1.8807250000000408,42.123684000000026,102,433,2.29,115.4,50.4,4276,85.6,622,509,False,True,True,False,False,False,False,False,False,False,hydropower,False,
1558,3489,,OLIANA,1959,-99,1.2951310000000262,42.093695000000025,90,262,2.09,101.1,48.4,21682,14.8,503,2708,True,True,True,False,False,False,False,False,False,False,irrigation,False,
2222,3490,,TERRADETS,1935,-99,0.8879330000000323,42.056884000000025,47,160,2.03,33.2,16.4,24027,4.4,416,2505,False,True,False,False,False,False,False,False,False,False,hydropower,True,
489,3492,,CANELLES,1960,-99,0.6145830000000387,41.98177300000003,150,210,11.29,687.5,60.9,16595,131.4,494,1619,False,True,False,False,False,False,False,False,False,False,hydropower,True,
2180,3493,,SUSQUEDA,1968,-99,2.52544400000005,41.97950800000007,135,510,2.01,233.0,115.9,27181,27.2,267,1772,False,True,True,False,False,False,False,False,False,False,hydropower,False,
2109,3494,,SAU,1963,-99,2.411454000000049,41.969997000000035,84,260,2.0,168.5,84.3,24405,21.9,429,1520,True,True,True,False,False,False,False,False,False,False,irrigation,False,
2044,3495,,SAN PONS,1957,-99,1.6052970000000641,41.965096000000074,60,311,0.82,24.4,29.8,1903,40.7,524,306,False,False,True,False,False,False,False,False,False,False,supply,True,
3181,3497,,RIALB,1999,-99,1.1925260000000435,41.94074500000005,96,595,4.23,402.0,95.0,25111,50.8,384,3318,True,False,True,False,False,False,False,False,False,False,irrigation,False,
441,3498,,CAMARASA,1920,-99,0.8842030000000705,41.90938700000004,103,145,4.35,163.4,37.6,25701,20.2,366,2806,True,True,False,False,False,False,False,False,False,False,hydropower,False,
2067,3499,,SANTA ANA,1961,-99,0.5854930000000422,41.88476000000003,100,242,5.5,237.0,43.1,17387,43.2,372,1753,True,True,True,False,False,False,False,False,False,False,irrigation,False,
1378,3503,,MEQUINENZA,1966,-99,0.2717840000000251,41.369354000000044,81,451,47.86,1533.8,32.0,469875,10.4,108,57097,False,True,False,False,False,False,False,False,False,False,hydropower,True,
692,3504,,CIURANA,1972,-99,0.9145050000000197,41.25180100000006,63,274,0.39,12.5,32.1,82,483.4,462,63,True,False,True,False,False,False,False,False,False,False,irrigation,False,
1902,3505,,RIBARROJA,1969,-99,0.4306150000000457,41.24470000000008,60,565,13.74,206.9,15.1,656695,1.0,60,81863,True,True,False,False,False,False,False,False,False,False,irrigation,False,
923,3506,,FLIX,1948,-99,0.5406250000000341,41.23345100000006,26,400,1.88,11.4,6.1,629117,0.1,72,82084,True,True,False,False,False,False,False,False,False,False,irrigation,False,
571,3507,,CASPE II,1989,-99,0.00048500000002604793,41.13721700000008,54,398,0.84,81.6,97.1,4064,63.7,202,3642,False,False,True,False,False,False,False,False,False,False,supply,True,
1657,3510,,PENA,1930,-99,0.135449000000051,40.81787700000007,47,133,0.28,18.5,66.1,70,838.0,612,60,True,False,False,False,False,False,False,False,False,False,irrigation,True,
1290,6829,,LA LOTETA,-99,-99,-1.318749999999966,41.827083333000076,34,1470,10.9,104.8,9.6,46,7224.3,262,36,False,False,False,False,False,False,False,False,False,False,,False,
2950,6830,,IRUEÑA,-99,-99,-6.577083332999962,40.44375000000008,69,398,10.3,122.5,11.9,4694,82.8,732,452,False,False,False,False,False,False,False,False,False,False,,False,
2916,7051,,ALCOLEA,2016,-99,-6.97243468399995,37.467474164000066,61,555,1.8,274.0,152.2,20790,41.8,19,1689,True,False,False,False,False,False,False,False,False,True,irrigation,False,
143,7052,,ANDEVALO,2003,-99,-7.399136809999959,37.62574795200004,70,1830,27.48,600.0,21.8,4547,418.4,65,634,False,False,False,False,False,False,False,False,False,True,other,True,
3109,7053,,ARENOSO,2007,-99,-4.440297682999926,38.022026442000026,78,1286,5.93,161.0,27.2,937,544.9,161,409,True,True,False,False,False,False,False,False,False,False,irrigation,False,
380,7054,,LA BREÑA II,2008,-99,-5.043931038999972,37.82757247300003,125,668,16.0,823.0,51.4,4067,641.7,95,1496,True,True,False,False,False,False,False,False,False,False,hydropower,False,
2897,7055,,CASTROVIDO,2016,-99,-3.242712987999937,42.04241776500004,97,545,0.6,111.0,185.0,2596,135.6,989,334,False,True,False,True,False,False,False,False,False,False,flood,False,
1367,7056,,LOS MELONARES,2007,-99,-5.881706966999957,37.72356647200007,50,525,12.39,186.0,15.0,7586,77.7,60,1696,False,False,True,False,False,False,False,False,False,False,supply,True,
1463,7057,,MONTORO III,2007,-99,-4.098749770999973,38.52707931600003,60,308,5.95,102.0,17.1,1100,294.0,572,552,False,False,True,False,False,False,False,False,False,False,supply,True,
3223,7058,,MULARROYA,2016,-99,-1.4280097649999561,41.46793494700006,91,776,4.6,103.0,22.4,84,3888.2,438,185,True,False,False,False,False,False,False,False,False,False,irrigation,True,
2050,7059,,SAN SALVADOR,2013,-99,0.18155919100001938,41.773480111000026,51,683,9.9,124.0,12.5,163,2412.3,259,27,True,False,False,False,False,False,False,False,False,False,irrigation,True,
2953,7060,,VILLALBA DE LOS BARROS,2011,-99,-6.506306464999966,38.58032391300003,46,484,7.44,106.0,14.2,1573,213.7,316,379,True,False,True,False,False,False,False,False,False,False,irrigation,False,
